"S";"Plateau";"TestFrequency";"AverageTime";"AverageCount";"AveragePlateauCount";"Sudoku"
1;5;20;"00:00:00.0613728";2858;352.7;"0 0 3 0 2 0 6 0 0 9 0 0 3 0 5 0 0 1 0 0 1 8 0 6 4 0 0 0 0 8 1 0 2 9 0 0 7 0 0 0 0 0 0 0 8 0 0 6 7 0 8 2 0 0 0 0 2 6 0 9 5 0 0 8 0 0 2 0 3 0 0 9 0 0 5 0 1 0 3 0 0"
1;6;20;"00:00:00.0456052";2379.6;248.55;"0 0 3 0 2 0 6 0 0 9 0 0 3 0 5 0 0 1 0 0 1 8 0 6 4 0 0 0 0 8 1 0 2 9 0 0 7 0 0 0 0 0 0 0 8 0 0 6 7 0 8 2 0 0 0 0 2 6 0 9 5 0 0 8 0 0 2 0 3 0 0 9 0 0 5 0 1 0 3 0 0"
1;7;20;"00:00:00.0434537";2319.6;210.1;"0 0 3 0 2 0 6 0 0 9 0 0 3 0 5 0 0 1 0 0 1 8 0 6 4 0 0 0 0 8 1 0 2 9 0 0 7 0 0 0 0 0 0 0 8 0 0 6 7 0 8 2 0 0 0 0 2 6 0 9 5 0 0 8 0 0 2 0 3 0 0 9 0 0 5 0 1 0 3 0 0"
1;8;20;"00:00:00.0377160";1944.55;153.1;"0 0 3 0 2 0 6 0 0 9 0 0 3 0 5 0 0 1 0 0 1 8 0 6 4 0 0 0 0 8 1 0 2 9 0 0 7 0 0 0 0 0 0 0 8 0 0 6 7 0 8 2 0 0 0 0 2 6 0 9 5 0 0 8 0 0 2 0 3 0 0 9 0 0 5 0 1 0 3 0 0"
1;9;20;"00:00:00.0639654";3392.25;245.15;"0 0 3 0 2 0 6 0 0 9 0 0 3 0 5 0 0 1 0 0 1 8 0 6 4 0 0 0 0 8 1 0 2 9 0 0 7 0 0 0 0 0 0 0 8 0 0 6 7 0 8 2 0 0 0 0 2 6 0 9 5 0 0 8 0 0 2 0 3 0 0 9 0 0 5 0 1 0 3 0 0"
1;10;20;"00:00:00.0591353";3105.1;202;"0 0 3 0 2 0 6 0 0 9 0 0 3 0 5 0 0 1 0 0 1 8 0 6 4 0 0 0 0 8 1 0 2 9 0 0 7 0 0 0 0 0 0 0 8 0 0 6 7 0 8 2 0 0 0 0 2 6 0 9 5 0 0 8 0 0 2 0 3 0 0 9 0 0 5 0 1 0 3 0 0"
1;11;20;"00:00:00.0598516";3181.8;189.9;"0 0 3 0 2 0 6 0 0 9 0 0 3 0 5 0 0 1 0 0 1 8 0 6 4 0 0 0 0 8 1 0 2 9 0 0 7 0 0 0 0 0 0 0 8 0 0 6 7 0 8 2 0 0 0 0 2 6 0 9 5 0 0 8 0 0 2 0 3 0 0 9 0 0 5 0 1 0 3 0 0"
1;12;20;"00:00:00.0422639";2236.5;122.4;"0 0 3 0 2 0 6 0 0 9 0 0 3 0 5 0 0 1 0 0 1 8 0 6 4 0 0 0 0 8 1 0 2 9 0 0 7 0 0 0 0 0 0 0 8 0 0 6 7 0 8 2 0 0 0 0 2 6 0 9 5 0 0 8 0 0 2 0 3 0 0 9 0 0 5 0 1 0 3 0 0"
1;13;20;"00:00:00.0535317";2869.1;146.4;"0 0 3 0 2 0 6 0 0 9 0 0 3 0 5 0 0 1 0 0 1 8 0 6 4 0 0 0 0 8 1 0 2 9 0 0 7 0 0 0 0 0 0 0 8 0 0 6 7 0 8 2 0 0 0 0 2 6 0 9 5 0 0 8 0 0 2 0 3 0 0 9 0 0 5 0 1 0 3 0 0"
1;14;20;"00:00:00.0504469";2694.65;128.35;"0 0 3 0 2 0 6 0 0 9 0 0 3 0 5 0 0 1 0 0 1 8 0 6 4 0 0 0 0 8 1 0 2 9 0 0 7 0 0 0 0 0 0 0 8 0 0 6 7 0 8 2 0 0 0 0 2 6 0 9 5 0 0 8 0 0 2 0 3 0 0 9 0 0 5 0 1 0 3 0 0"
1;15;20;"00:00:00.0565780";3028.7;134.85;"0 0 3 0 2 0 6 0 0 9 0 0 3 0 5 0 0 1 0 0 1 8 0 6 4 0 0 0 0 8 1 0 2 9 0 0 7 0 0 0 0 0 0 0 8 0 0 6 7 0 8 2 0 0 0 0 2 6 0 9 5 0 0 8 0 0 2 0 3 0 0 9 0 0 5 0 1 0 3 0 0"
2;5;20;"00:00:00.0571096";2991.85;288.5;"0 0 3 0 2 0 6 0 0 9 0 0 3 0 5 0 0 1 0 0 1 8 0 6 4 0 0 0 0 8 1 0 2 9 0 0 7 0 0 0 0 0 0 0 8 0 0 6 7 0 8 2 0 0 0 0 2 6 0 9 5 0 0 8 0 0 2 0 3 0 0 9 0 0 5 0 1 0 3 0 0"
2;6;20;"00:00:00.0729386";3849.45;320.05;"0 0 3 0 2 0 6 0 0 9 0 0 3 0 5 0 0 1 0 0 1 8 0 6 4 0 0 0 0 8 1 0 2 9 0 0 7 0 0 0 0 0 0 0 8 0 0 6 7 0 8 2 0 0 0 0 2 6 0 9 5 0 0 8 0 0 2 0 3 0 0 9 0 0 5 0 1 0 3 0 0"
2;7;20;"00:00:00.0542179";2866.45;206.6;"0 0 3 0 2 0 6 0 0 9 0 0 3 0 5 0 0 1 0 0 1 8 0 6 4 0 0 0 0 8 1 0 2 9 0 0 7 0 0 0 0 0 0 0 8 0 0 6 7 0 8 2 0 0 0 0 2 6 0 9 5 0 0 8 0 0 2 0 3 0 0 9 0 0 5 0 1 0 3 0 0"
2;8;20;"00:00:00.0364412";1929.45;122.85;"0 0 3 0 2 0 6 0 0 9 0 0 3 0 5 0 0 1 0 0 1 8 0 6 4 0 0 0 0 8 1 0 2 9 0 0 7 0 0 0 0 0 0 0 8 0 0 6 7 0 8 2 0 0 0 0 2 6 0 9 5 0 0 8 0 0 2 0 3 0 0 9 0 0 5 0 1 0 3 0 0"
2;9;20;"00:00:00.0508296";2709.85;155.05;"0 0 3 0 2 0 6 0 0 9 0 0 3 0 5 0 0 1 0 0 1 8 0 6 4 0 0 0 0 8 1 0 2 9 0 0 7 0 0 0 0 0 0 0 8 0 0 6 7 0 8 2 0 0 0 0 2 6 0 9 5 0 0 8 0 0 2 0 3 0 0 9 0 0 5 0 1 0 3 0 0"
2;10;20;"00:00:00.0557256";2970.6;155.85;"0 0 3 0 2 0 6 0 0 9 0 0 3 0 5 0 0 1 0 0 1 8 0 6 4 0 0 0 0 8 1 0 2 9 0 0 7 0 0 0 0 0 0 0 8 0 0 6 7 0 8 2 0 0 0 0 2 6 0 9 5 0 0 8 0 0 2 0 3 0 0 9 0 0 5 0 1 0 3 0 0"
2;11;20;"00:00:00.0334343";1772.15;84.5;"0 0 3 0 2 0 6 0 0 9 0 0 3 0 5 0 0 1 0 0 1 8 0 6 4 0 0 0 0 8 1 0 2 9 0 0 7 0 0 0 0 0 0 0 8 0 0 6 7 0 8 2 0 0 0 0 2 6 0 9 5 0 0 8 0 0 2 0 3 0 0 9 0 0 5 0 1 0 3 0 0"
2;12;20;"00:00:00.0494246";2639.2;118.8;"0 0 3 0 2 0 6 0 0 9 0 0 3 0 5 0 0 1 0 0 1 8 0 6 4 0 0 0 0 8 1 0 2 9 0 0 7 0 0 0 0 0 0 0 8 0 0 6 7 0 8 2 0 0 0 0 2 6 0 9 5 0 0 8 0 0 2 0 3 0 0 9 0 0 5 0 1 0 3 0 0"
2;13;20;"00:00:00.0666938";3494.95;148.6;"0 0 3 0 2 0 6 0 0 9 0 0 3 0 5 0 0 1 0 0 1 8 0 6 4 0 0 0 0 8 1 0 2 9 0 0 7 0 0 0 0 0 0 0 8 0 0 6 7 0 8 2 0 0 0 0 2 6 0 9 5 0 0 8 0 0 2 0 3 0 0 9 0 0 5 0 1 0 3 0 0"
2;14;20;"00:00:00.0540731";2876.6;113.65;"0 0 3 0 2 0 6 0 0 9 0 0 3 0 5 0 0 1 0 0 1 8 0 6 4 0 0 0 0 8 1 0 2 9 0 0 7 0 0 0 0 0 0 0 8 0 0 6 7 0 8 2 0 0 0 0 2 6 0 9 5 0 0 8 0 0 2 0 3 0 0 9 0 0 5 0 1 0 3 0 0"
2;15;20;"00:00:00.0590664";3158.65;117.85;"0 0 3 0 2 0 6 0 0 9 0 0 3 0 5 0 0 1 0 0 1 8 0 6 4 0 0 0 0 8 1 0 2 9 0 0 7 0 0 0 0 0 0 0 8 0 0 6 7 0 8 2 0 0 0 0 2 6 0 9 5 0 0 8 0 0 2 0 3 0 0 9 0 0 5 0 1 0 3 0 0"
3;5;20;"00:00:00.1394627";7299.3;605.95;"0 0 3 0 2 0 6 0 0 9 0 0 3 0 5 0 0 1 0 0 1 8 0 6 4 0 0 0 0 8 1 0 2 9 0 0 7 0 0 0 0 0 0 0 8 0 0 6 7 0 8 2 0 0 0 0 2 6 0 9 5 0 0 8 0 0 2 0 3 0 0 9 0 0 5 0 1 0 3 0 0"
3;6;20;"00:00:00.0797018";4214.2;297;"0 0 3 0 2 0 6 0 0 9 0 0 3 0 5 0 0 1 0 0 1 8 0 6 4 0 0 0 0 8 1 0 2 9 0 0 7 0 0 0 0 0 0 0 8 0 0 6 7 0 8 2 0 0 0 0 2 6 0 9 5 0 0 8 0 0 2 0 3 0 0 9 0 0 5 0 1 0 3 0 0"
3;7;20;"00:00:00.0871030";4584.6;283.4;"0 0 3 0 2 0 6 0 0 9 0 0 3 0 5 0 0 1 0 0 1 8 0 6 4 0 0 0 0 8 1 0 2 9 0 0 7 0 0 0 0 0 0 0 8 0 0 6 7 0 8 2 0 0 0 0 2 6 0 9 5 0 0 8 0 0 2 0 3 0 0 9 0 0 5 0 1 0 3 0 0"
3;8;20;"00:00:00.0621251";3255.9;180.55;"0 0 3 0 2 0 6 0 0 9 0 0 3 0 5 0 0 1 0 0 1 8 0 6 4 0 0 0 0 8 1 0 2 9 0 0 7 0 0 0 0 0 0 0 8 0 0 6 7 0 8 2 0 0 0 0 2 6 0 9 5 0 0 8 0 0 2 0 3 0 0 9 0 0 5 0 1 0 3 0 0"
3;9;20;"00:00:00.0509071";2705.1;135.75;"0 0 3 0 2 0 6 0 0 9 0 0 3 0 5 0 0 1 0 0 1 8 0 6 4 0 0 0 0 8 1 0 2 9 0 0 7 0 0 0 0 0 0 0 8 0 0 6 7 0 8 2 0 0 0 0 2 6 0 9 5 0 0 8 0 0 2 0 3 0 0 9 0 0 5 0 1 0 3 0 0"
3;10;20;"00:00:00.0403788";2129.55;96.6;"0 0 3 0 2 0 6 0 0 9 0 0 3 0 5 0 0 1 0 0 1 8 0 6 4 0 0 0 0 8 1 0 2 9 0 0 7 0 0 0 0 0 0 0 8 0 0 6 7 0 8 2 0 0 0 0 2 6 0 9 5 0 0 8 0 0 2 0 3 0 0 9 0 0 5 0 1 0 3 0 0"
3;11;20;"00:00:00.0525523";2789.05;117.55;"0 0 3 0 2 0 6 0 0 9 0 0 3 0 5 0 0 1 0 0 1 8 0 6 4 0 0 0 0 8 1 0 2 9 0 0 7 0 0 0 0 0 0 0 8 0 0 6 7 0 8 2 0 0 0 0 2 6 0 9 5 0 0 8 0 0 2 0 3 0 0 9 0 0 5 0 1 0 3 0 0"
3;12;20;"00:00:00.0360961";1933.85;75.95;"0 0 3 0 2 0 6 0 0 9 0 0 3 0 5 0 0 1 0 0 1 8 0 6 4 0 0 0 0 8 1 0 2 9 0 0 7 0 0 0 0 0 0 0 8 0 0 6 7 0 8 2 0 0 0 0 2 6 0 9 5 0 0 8 0 0 2 0 3 0 0 9 0 0 5 0 1 0 3 0 0"
3;13;20;"00:00:00.0400724";2132.85;78.05;"0 0 3 0 2 0 6 0 0 9 0 0 3 0 5 0 0 1 0 0 1 8 0 6 4 0 0 0 0 8 1 0 2 9 0 0 7 0 0 0 0 0 0 0 8 0 0 6 7 0 8 2 0 0 0 0 2 6 0 9 5 0 0 8 0 0 2 0 3 0 0 9 0 0 5 0 1 0 3 0 0"
3;14;20;"00:00:00.0344991";1840.85;62.8;"0 0 3 0 2 0 6 0 0 9 0 0 3 0 5 0 0 1 0 0 1 8 0 6 4 0 0 0 0 8 1 0 2 9 0 0 7 0 0 0 0 0 0 0 8 0 0 6 7 0 8 2 0 0 0 0 2 6 0 9 5 0 0 8 0 0 2 0 3 0 0 9 0 0 5 0 1 0 3 0 0"
3;15;20;"00:00:00.0418842";2228.4;74;"0 0 3 0 2 0 6 0 0 9 0 0 3 0 5 0 0 1 0 0 1 8 0 6 4 0 0 0 0 8 1 0 2 9 0 0 7 0 0 0 0 0 0 0 8 0 0 6 7 0 8 2 0 0 0 0 2 6 0 9 5 0 0 8 0 0 2 0 3 0 0 9 0 0 5 0 1 0 3 0 0"
4;5;20;"00:00:00.1030780";5347.85;395.8;"0 0 3 0 2 0 6 0 0 9 0 0 3 0 5 0 0 1 0 0 1 8 0 6 4 0 0 0 0 8 1 0 2 9 0 0 7 0 0 0 0 0 0 0 8 0 0 6 7 0 8 2 0 0 0 0 2 6 0 9 5 0 0 8 0 0 2 0 3 0 0 9 0 0 5 0 1 0 3 0 0"
4;6;20;"00:00:00.1489877";7853.75;496.2;"0 0 3 0 2 0 6 0 0 9 0 0 3 0 5 0 0 1 0 0 1 8 0 6 4 0 0 0 0 8 1 0 2 9 0 0 7 0 0 0 0 0 0 0 8 0 0 6 7 0 8 2 0 0 0 0 2 6 0 9 5 0 0 8 0 0 2 0 3 0 0 9 0 0 5 0 1 0 3 0 0"
4;7;20;"00:00:00.1020541";5392.25;301.15;"0 0 3 0 2 0 6 0 0 9 0 0 3 0 5 0 0 1 0 0 1 8 0 6 4 0 0 0 0 8 1 0 2 9 0 0 7 0 0 0 0 0 0 0 8 0 0 6 7 0 8 2 0 0 0 0 2 6 0 9 5 0 0 8 0 0 2 0 3 0 0 9 0 0 5 0 1 0 3 0 0"
4;8;20;"00:00:00.0729795";3852.45;194.15;"0 0 3 0 2 0 6 0 0 9 0 0 3 0 5 0 0 1 0 0 1 8 0 6 4 0 0 0 0 8 1 0 2 9 0 0 7 0 0 0 0 0 0 0 8 0 0 6 7 0 8 2 0 0 0 0 2 6 0 9 5 0 0 8 0 0 2 0 3 0 0 9 0 0 5 0 1 0 3 0 0"
4;9;20;"00:00:00.0629361";3338.7;150.1;"0 0 3 0 2 0 6 0 0 9 0 0 3 0 5 0 0 1 0 0 1 8 0 6 4 0 0 0 0 8 1 0 2 9 0 0 7 0 0 0 0 0 0 0 8 0 0 6 7 0 8 2 0 0 0 0 2 6 0 9 5 0 0 8 0 0 2 0 3 0 0 9 0 0 5 0 1 0 3 0 0"
4;10;20;"00:00:00.0541975";2883.35;119.75;"0 0 3 0 2 0 6 0 0 9 0 0 3 0 5 0 0 1 0 0 1 8 0 6 4 0 0 0 0 8 1 0 2 9 0 0 7 0 0 0 0 0 0 0 8 0 0 6 7 0 8 2 0 0 0 0 2 6 0 9 5 0 0 8 0 0 2 0 3 0 0 9 0 0 5 0 1 0 3 0 0"
4;11;20;"00:00:00.0505830";2688;103.4;"0 0 3 0 2 0 6 0 0 9 0 0 3 0 5 0 0 1 0 0 1 8 0 6 4 0 0 0 0 8 1 0 2 9 0 0 7 0 0 0 0 0 0 0 8 0 0 6 7 0 8 2 0 0 0 0 2 6 0 9 5 0 0 8 0 0 2 0 3 0 0 9 0 0 5 0 1 0 3 0 0"
4;12;20;"00:00:00.0577131";3062.05;110.2;"0 0 3 0 2 0 6 0 0 9 0 0 3 0 5 0 0 1 0 0 1 8 0 6 4 0 0 0 0 8 1 0 2 9 0 0 7 0 0 0 0 0 0 0 8 0 0 6 7 0 8 2 0 0 0 0 2 6 0 9 5 0 0 8 0 0 2 0 3 0 0 9 0 0 5 0 1 0 3 0 0"
4;13;20;"00:00:00.0555236";2953.85;100.2;"0 0 3 0 2 0 6 0 0 9 0 0 3 0 5 0 0 1 0 0 1 8 0 6 4 0 0 0 0 8 1 0 2 9 0 0 7 0 0 0 0 0 0 0 8 0 0 6 7 0 8 2 0 0 0 0 2 6 0 9 5 0 0 8 0 0 2 0 3 0 0 9 0 0 5 0 1 0 3 0 0"
4;14;20;"00:00:00.0776656";4119.8;131.8;"0 0 3 0 2 0 6 0 0 9 0 0 3 0 5 0 0 1 0 0 1 8 0 6 4 0 0 0 0 8 1 0 2 9 0 0 7 0 0 0 0 0 0 0 8 0 0 6 7 0 8 2 0 0 0 0 2 6 0 9 5 0 0 8 0 0 2 0 3 0 0 9 0 0 5 0 1 0 3 0 0"
4;15;20;"00:00:00.0544317";2912.15;86.95;"0 0 3 0 2 0 6 0 0 9 0 0 3 0 5 0 0 1 0 0 1 8 0 6 4 0 0 0 0 8 1 0 2 9 0 0 7 0 0 0 0 0 0 0 8 0 0 6 7 0 8 2 0 0 0 0 2 6 0 9 5 0 0 8 0 0 2 0 3 0 0 9 0 0 5 0 1 0 3 0 0"
1;5;20;"00:00:00.1897060";8996.8;1115.25;"2 0 0 0 8 0 3 0 0 0 6 0 0 7 0 0 8 4 0 3 0 5 0 0 2 0 9 0 0 0 1 0 5 4 0 8 0 0 0 0 0 0 0 0 0 4 0 2 7 0 6 0 0 0 3 0 1 0 0 7 0 4 0 7 2 0 0 4 0 0 6 0 0 0 4 0 1 0 0 0 3"
1;6;20;"00:00:00.1530970";7302.65;763.45;"2 0 0 0 8 0 3 0 0 0 6 0 0 7 0 0 8 4 0 3 0 5 0 0 2 0 9 0 0 0 1 0 5 4 0 8 0 0 0 0 0 0 0 0 0 4 0 2 7 0 6 0 0 0 3 0 1 0 0 7 0 4 0 7 2 0 0 4 0 0 6 0 0 0 4 0 1 0 0 0 3"
1;7;20;"00:00:00.1471299";7040.9;640.25;"2 0 0 0 8 0 3 0 0 0 6 0 0 7 0 0 8 4 0 3 0 5 0 0 2 0 9 0 0 0 1 0 5 4 0 8 0 0 0 0 0 0 0 0 0 4 0 2 7 0 6 0 0 0 3 0 1 0 0 7 0 4 0 7 2 0 0 4 0 0 6 0 0 0 4 0 1 0 0 0 3"
1;8;20;"00:00:00.1122797";5381.4;431.3;"2 0 0 0 8 0 3 0 0 0 6 0 0 7 0 0 8 4 0 3 0 5 0 0 2 0 9 0 0 0 1 0 5 4 0 8 0 0 0 0 0 0 0 0 0 4 0 2 7 0 6 0 0 0 3 0 1 0 0 7 0 4 0 7 2 0 0 4 0 0 6 0 0 0 4 0 1 0 0 0 3"
1;9;20;"00:00:00.1448582";6875.3;498.2;"2 0 0 0 8 0 3 0 0 0 6 0 0 7 0 0 8 4 0 3 0 5 0 0 2 0 9 0 0 0 1 0 5 4 0 8 0 0 0 0 0 0 0 0 0 4 0 2 7 0 6 0 0 0 3 0 1 0 0 7 0 4 0 7 2 0 0 4 0 0 6 0 0 0 4 0 1 0 0 0 3"
1;10;20;"00:00:00.1627776";7652.8;501.3;"2 0 0 0 8 0 3 0 0 0 6 0 0 7 0 0 8 4 0 3 0 5 0 0 2 0 9 0 0 0 1 0 5 4 0 8 0 0 0 0 0 0 0 0 0 4 0 2 7 0 6 0 0 0 3 0 1 0 0 7 0 4 0 7 2 0 0 4 0 0 6 0 0 0 4 0 1 0 0 0 3"
1;11;20;"00:00:00.2583935";12377.1;749.3;"2 0 0 0 8 0 3 0 0 0 6 0 0 7 0 0 8 4 0 3 0 5 0 0 2 0 9 0 0 0 1 0 5 4 0 8 0 0 0 0 0 0 0 0 0 4 0 2 7 0 6 0 0 0 3 0 1 0 0 7 0 4 0 7 2 0 0 4 0 0 6 0 0 0 4 0 1 0 0 0 3"
1;12;20;"00:00:00.1498651";7215.8;401.2;"2 0 0 0 8 0 3 0 0 0 6 0 0 7 0 0 8 4 0 3 0 5 0 0 2 0 9 0 0 0 1 0 5 4 0 8 0 0 0 0 0 0 0 0 0 4 0 2 7 0 6 0 0 0 3 0 1 0 0 7 0 4 0 7 2 0 0 4 0 0 6 0 0 0 4 0 1 0 0 0 3"
1;13;20;"00:00:00.1901742";9189.2;477.45;"2 0 0 0 8 0 3 0 0 0 6 0 0 7 0 0 8 4 0 3 0 5 0 0 2 0 9 0 0 0 1 0 5 4 0 8 0 0 0 0 0 0 0 0 0 4 0 2 7 0 6 0 0 0 3 0 1 0 0 7 0 4 0 7 2 0 0 4 0 0 6 0 0 0 4 0 1 0 0 0 3"
1;14;20;"00:00:00.2296397";11014.05;533.75;"2 0 0 0 8 0 3 0 0 0 6 0 0 7 0 0 8 4 0 3 0 5 0 0 2 0 9 0 0 0 1 0 5 4 0 8 0 0 0 0 0 0 0 0 0 4 0 2 7 0 6 0 0 0 3 0 1 0 0 7 0 4 0 7 2 0 0 4 0 0 6 0 0 0 4 0 1 0 0 0 3"
1;15;20;"00:00:00.1558337";7519.9;342.4;"2 0 0 0 8 0 3 0 0 0 6 0 0 7 0 0 8 4 0 3 0 5 0 0 2 0 9 0 0 0 1 0 5 4 0 8 0 0 0 0 0 0 0 0 0 4 0 2 7 0 6 0 0 0 3 0 1 0 0 7 0 4 0 7 2 0 0 4 0 0 6 0 0 0 4 0 1 0 0 0 3"
2;5;20;"00:00:00.3117511";14778.35;1435.7;"2 0 0 0 8 0 3 0 0 0 6 0 0 7 0 0 8 4 0 3 0 5 0 0 2 0 9 0 0 0 1 0 5 4 0 8 0 0 0 0 0 0 0 0 0 4 0 2 7 0 6 0 0 0 3 0 1 0 0 7 0 4 0 7 2 0 0 4 0 0 6 0 0 0 4 0 1 0 0 0 3"
2;6;20;"00:00:00.2056537";9759.5;806.1;"2 0 0 0 8 0 3 0 0 0 6 0 0 7 0 0 8 4 0 3 0 5 0 0 2 0 9 0 0 0 1 0 5 4 0 8 0 0 0 0 0 0 0 0 0 4 0 2 7 0 6 0 0 0 3 0 1 0 0 7 0 4 0 7 2 0 0 4 0 0 6 0 0 0 4 0 1 0 0 0 3"
2;7;20;"00:00:00.1411911";6742.65;485.85;"2 0 0 0 8 0 3 0 0 0 6 0 0 7 0 0 8 4 0 3 0 5 0 0 2 0 9 0 0 0 1 0 5 4 0 8 0 0 0 0 0 0 0 0 0 4 0 2 7 0 6 0 0 0 3 0 1 0 0 7 0 4 0 7 2 0 0 4 0 0 6 0 0 0 4 0 1 0 0 0 3"
2;8;20;"00:00:00.1247804";5910.85;375.8;"2 0 0 0 8 0 3 0 0 0 6 0 0 7 0 0 8 4 0 3 0 5 0 0 2 0 9 0 0 0 1 0 5 4 0 8 0 0 0 0 0 0 0 0 0 4 0 2 7 0 6 0 0 0 3 0 1 0 0 7 0 4 0 7 2 0 0 4 0 0 6 0 0 0 4 0 1 0 0 0 3"
2;9;20;"00:00:00.1574890";7535.85;437.35;"2 0 0 0 8 0 3 0 0 0 6 0 0 7 0 0 8 4 0 3 0 5 0 0 2 0 9 0 0 0 1 0 5 4 0 8 0 0 0 0 0 0 0 0 0 4 0 2 7 0 6 0 0 0 3 0 1 0 0 7 0 4 0 7 2 0 0 4 0 0 6 0 0 0 4 0 1 0 0 0 3"
2;10;20;"00:00:00.1301331";6208.9;328.45;"2 0 0 0 8 0 3 0 0 0 6 0 0 7 0 0 8 4 0 3 0 5 0 0 2 0 9 0 0 0 1 0 5 4 0 8 0 0 0 0 0 0 0 0 0 4 0 2 7 0 6 0 0 0 3 0 1 0 0 7 0 4 0 7 2 0 0 4 0 0 6 0 0 0 4 0 1 0 0 0 3"
2;11;20;"00:00:00.1152677";5518.3;268.45;"2 0 0 0 8 0 3 0 0 0 6 0 0 7 0 0 8 4 0 3 0 5 0 0 2 0 9 0 0 0 1 0 5 4 0 8 0 0 0 0 0 0 0 0 0 4 0 2 7 0 6 0 0 0 3 0 1 0 0 7 0 4 0 7 2 0 0 4 0 0 6 0 0 0 4 0 1 0 0 0 3"
2;12;20;"00:00:00.2185563";10451.3;477.15;"2 0 0 0 8 0 3 0 0 0 6 0 0 7 0 0 8 4 0 3 0 5 0 0 2 0 9 0 0 0 1 0 5 4 0 8 0 0 0 0 0 0 0 0 0 4 0 2 7 0 6 0 0 0 3 0 1 0 0 7 0 4 0 7 2 0 0 4 0 0 6 0 0 0 4 0 1 0 0 0 3"
2;13;20;"00:00:00.1647531";7822.9;331;"2 0 0 0 8 0 3 0 0 0 6 0 0 7 0 0 8 4 0 3 0 5 0 0 2 0 9 0 0 0 1 0 5 4 0 8 0 0 0 0 0 0 0 0 0 4 0 2 7 0 6 0 0 0 3 0 1 0 0 7 0 4 0 7 2 0 0 4 0 0 6 0 0 0 4 0 1 0 0 0 3"
2;14;20;"00:00:00.1477944";7109.65;282.2;"2 0 0 0 8 0 3 0 0 0 6 0 0 7 0 0 8 4 0 3 0 5 0 0 2 0 9 0 0 0 1 0 5 4 0 8 0 0 0 0 0 0 0 0 0 4 0 2 7 0 6 0 0 0 3 0 1 0 0 7 0 4 0 7 2 0 0 4 0 0 6 0 0 0 4 0 1 0 0 0 3"
2;15;20;"00:00:00.1473805";7070.2;265.8;"2 0 0 0 8 0 3 0 0 0 6 0 0 7 0 0 8 4 0 3 0 5 0 0 2 0 9 0 0 0 1 0 5 4 0 8 0 0 0 0 0 0 0 0 0 4 0 2 7 0 6 0 0 0 3 0 1 0 0 7 0 4 0 7 2 0 0 4 0 0 6 0 0 0 4 0 1 0 0 0 3"
3;5;20;"00:00:00.5725728";27101.2;2244.2;"2 0 0 0 8 0 3 0 0 0 6 0 0 7 0 0 8 4 0 3 0 5 0 0 2 0 9 0 0 0 1 0 5 4 0 8 0 0 0 0 0 0 0 0 0 4 0 2 7 0 6 0 0 0 3 0 1 0 0 7 0 4 0 7 2 0 0 4 0 0 6 0 0 0 4 0 1 0 0 0 3"
3;6;20;"00:00:00.3873108";18369.2;1298.25;"2 0 0 0 8 0 3 0 0 0 6 0 0 7 0 0 8 4 0 3 0 5 0 0 2 0 9 0 0 0 1 0 5 4 0 8 0 0 0 0 0 0 0 0 0 4 0 2 7 0 6 0 0 0 3 0 1 0 0 7 0 4 0 7 2 0 0 4 0 0 6 0 0 0 4 0 1 0 0 0 3"
3;7;20;"00:00:00.2566480";12131.5;752.55;"2 0 0 0 8 0 3 0 0 0 6 0 0 7 0 0 8 4 0 3 0 5 0 0 2 0 9 0 0 0 1 0 5 4 0 8 0 0 0 0 0 0 0 0 0 4 0 2 7 0 6 0 0 0 3 0 1 0 0 7 0 4 0 7 2 0 0 4 0 0 6 0 0 0 4 0 1 0 0 0 3"
3;8;20;"00:00:00.1653325";7869.15;437.1;"2 0 0 0 8 0 3 0 0 0 6 0 0 7 0 0 8 4 0 3 0 5 0 0 2 0 9 0 0 0 1 0 5 4 0 8 0 0 0 0 0 0 0 0 0 4 0 2 7 0 6 0 0 0 3 0 1 0 0 7 0 4 0 7 2 0 0 4 0 0 6 0 0 0 4 0 1 0 0 0 3"
3;9;20;"00:00:00.1272015";5980;296.2;"2 0 0 0 8 0 3 0 0 0 6 0 0 7 0 0 8 4 0 3 0 5 0 0 2 0 9 0 0 0 1 0 5 4 0 8 0 0 0 0 0 0 0 0 0 4 0 2 7 0 6 0 0 0 3 0 1 0 0 7 0 4 0 7 2 0 0 4 0 0 6 0 0 0 4 0 1 0 0 0 3"
3;10;20;"00:00:00.1924833";9174.95;422.6;"2 0 0 0 8 0 3 0 0 0 6 0 0 7 0 0 8 4 0 3 0 5 0 0 2 0 9 0 0 0 1 0 5 4 0 8 0 0 0 0 0 0 0 0 0 4 0 2 7 0 6 0 0 0 3 0 1 0 0 7 0 4 0 7 2 0 0 4 0 0 6 0 0 0 4 0 1 0 0 0 3"
3;11;20;"00:00:00.1657409";7883.75;335;"2 0 0 0 8 0 3 0 0 0 6 0 0 7 0 0 8 4 0 3 0 5 0 0 2 0 9 0 0 0 1 0 5 4 0 8 0 0 0 0 0 0 0 0 0 4 0 2 7 0 6 0 0 0 3 0 1 0 0 7 0 4 0 7 2 0 0 4 0 0 6 0 0 0 4 0 1 0 0 0 3"
3;12;20;"00:00:00.1153812";5530.05;218.8;"2 0 0 0 8 0 3 0 0 0 6 0 0 7 0 0 8 4 0 3 0 5 0 0 2 0 9 0 0 0 1 0 5 4 0 8 0 0 0 0 0 0 0 0 0 4 0 2 7 0 6 0 0 0 3 0 1 0 0 7 0 4 0 7 2 0 0 4 0 0 6 0 0 0 4 0 1 0 0 0 3"
3;13;20;"00:00:00.1446451";6955.3;259.4;"2 0 0 0 8 0 3 0 0 0 6 0 0 7 0 0 8 4 0 3 0 5 0 0 2 0 9 0 0 0 1 0 5 4 0 8 0 0 0 0 0 0 0 0 0 4 0 2 7 0 6 0 0 0 3 0 1 0 0 7 0 4 0 7 2 0 0 4 0 0 6 0 0 0 4 0 1 0 0 0 3"
3;14;20;"00:00:00.1801326";8657.05;304.5;"2 0 0 0 8 0 3 0 0 0 6 0 0 7 0 0 8 4 0 3 0 5 0 0 2 0 9 0 0 0 1 0 5 4 0 8 0 0 0 0 0 0 0 0 0 4 0 2 7 0 6 0 0 0 3 0 1 0 0 7 0 4 0 7 2 0 0 4 0 0 6 0 0 0 4 0 1 0 0 0 3"
3;15;20;"00:00:00.1123560";5327;175.85;"2 0 0 0 8 0 3 0 0 0 6 0 0 7 0 0 8 4 0 3 0 5 0 0 2 0 9 0 0 0 1 0 5 4 0 8 0 0 0 0 0 0 0 0 0 4 0 2 7 0 6 0 0 0 3 0 1 0 0 7 0 4 0 7 2 0 0 4 0 0 6 0 0 0 4 0 1 0 0 0 3"
4;5;20;"00:00:01.0335499";48826.95;3584.95;"2 0 0 0 8 0 3 0 0 0 6 0 0 7 0 0 8 4 0 3 0 5 0 0 2 0 9 0 0 0 1 0 5 4 0 8 0 0 0 0 0 0 0 0 0 4 0 2 7 0 6 0 0 0 3 0 1 0 0 7 0 4 0 7 2 0 0 4 0 0 6 0 0 0 4 0 1 0 0 0 3"
4;6;20;"00:00:00.5362225";25458.35;1604.4;"2 0 0 0 8 0 3 0 0 0 6 0 0 7 0 0 8 4 0 3 0 5 0 0 2 0 9 0 0 0 1 0 5 4 0 8 0 0 0 0 0 0 0 0 0 4 0 2 7 0 6 0 0 0 3 0 1 0 0 7 0 4 0 7 2 0 0 4 0 0 6 0 0 0 4 0 1 0 0 0 3"
4;7;20;"00:00:00.2650551";12510.6;692.4;"2 0 0 0 8 0 3 0 0 0 6 0 0 7 0 0 8 4 0 3 0 5 0 0 2 0 9 0 0 0 1 0 5 4 0 8 0 0 0 0 0 0 0 0 0 4 0 2 7 0 6 0 0 0 3 0 1 0 0 7 0 4 0 7 2 0 0 4 0 0 6 0 0 0 4 0 1 0 0 0 3"
4;8;20;"00:00:00.1989958";9384.35;465.2;"2 0 0 0 8 0 3 0 0 0 6 0 0 7 0 0 8 4 0 3 0 5 0 0 2 0 9 0 0 0 1 0 5 4 0 8 0 0 0 0 0 0 0 0 0 4 0 2 7 0 6 0 0 0 3 0 1 0 0 7 0 4 0 7 2 0 0 4 0 0 6 0 0 0 4 0 1 0 0 0 3"
4;9;20;"00:00:00.1683034";8059.2;365.3;"2 0 0 0 8 0 3 0 0 0 6 0 0 7 0 0 8 4 0 3 0 5 0 0 2 0 9 0 0 0 1 0 5 4 0 8 0 0 0 0 0 0 0 0 0 4 0 2 7 0 6 0 0 0 3 0 1 0 0 7 0 4 0 7 2 0 0 4 0 0 6 0 0 0 4 0 1 0 0 0 3"
4;10;20;"00:00:00.2034260";9726.1;404.7;"2 0 0 0 8 0 3 0 0 0 6 0 0 7 0 0 8 4 0 3 0 5 0 0 2 0 9 0 0 0 1 0 5 4 0 8 0 0 0 0 0 0 0 0 0 4 0 2 7 0 6 0 0 0 3 0 1 0 0 7 0 4 0 7 2 0 0 4 0 0 6 0 0 0 4 0 1 0 0 0 3"
4;11;20;"00:00:00.1640994";7871.1;304.05;"2 0 0 0 8 0 3 0 0 0 6 0 0 7 0 0 8 4 0 3 0 5 0 0 2 0 9 0 0 0 1 0 5 4 0 8 0 0 0 0 0 0 0 0 0 4 0 2 7 0 6 0 0 0 3 0 1 0 0 7 0 4 0 7 2 0 0 4 0 0 6 0 0 0 4 0 1 0 0 0 3"
4;12;20;"00:00:00.1520067";7288.25;261.75;"2 0 0 0 8 0 3 0 0 0 6 0 0 7 0 0 8 4 0 3 0 5 0 0 2 0 9 0 0 0 1 0 5 4 0 8 0 0 0 0 0 0 0 0 0 4 0 2 7 0 6 0 0 0 3 0 1 0 0 7 0 4 0 7 2 0 0 4 0 0 6 0 0 0 4 0 1 0 0 0 3"
4;13;20;"00:00:00.1346650";6400.15;216.1;"2 0 0 0 8 0 3 0 0 0 6 0 0 7 0 0 8 4 0 3 0 5 0 0 2 0 9 0 0 0 1 0 5 4 0 8 0 0 0 0 0 0 0 0 0 4 0 2 7 0 6 0 0 0 3 0 1 0 0 7 0 4 0 7 2 0 0 4 0 0 6 0 0 0 4 0 1 0 0 0 3"
4;14;20;"00:00:00.1934841";9266.45;295.6;"2 0 0 0 8 0 3 0 0 0 6 0 0 7 0 0 8 4 0 3 0 5 0 0 2 0 9 0 0 0 1 0 5 4 0 8 0 0 0 0 0 0 0 0 0 4 0 2 7 0 6 0 0 0 3 0 1 0 0 7 0 4 0 7 2 0 0 4 0 0 6 0 0 0 4 0 1 0 0 0 3"
4;15;20;"00:00:00.1680152";8077.95;245.4;"2 0 0 0 8 0 3 0 0 0 6 0 0 7 0 0 8 4 0 3 0 5 0 0 2 0 9 0 0 0 1 0 5 4 0 8 0 0 0 0 0 0 0 0 0 4 0 2 7 0 6 0 0 0 3 0 1 0 0 7 0 4 0 7 2 0 0 4 0 0 6 0 0 0 4 0 1 0 0 0 3"
1;5;20;"00:00:01.7667013";70060.25;8779.95;"0 0 0 0 0 0 9 0 7 0 0 0 4 2 0 1 8 0 0 0 0 7 0 5 0 2 6 1 0 0 9 0 4 0 0 0 0 5 0 0 0 0 0 4 0 0 0 0 5 0 7 0 0 9 9 2 0 1 0 8 0 0 0 0 3 4 0 5 9 0 0 0 5 0 7 0 0 0 0 0 0"
1;6;20;"00:00:00.9846627";39406.65;4180.4;"0 0 0 0 0 0 9 0 7 0 0 0 4 2 0 1 8 0 0 0 0 7 0 5 0 2 6 1 0 0 9 0 4 0 0 0 0 5 0 0 0 0 0 4 0 0 0 0 5 0 7 0 0 9 9 2 0 1 0 8 0 0 0 0 3 4 0 5 9 0 0 0 5 0 7 0 0 0 0 0 0"
1;7;20;"00:00:01.3710079";54531.05;5015.65;"0 0 0 0 0 0 9 0 7 0 0 0 4 2 0 1 8 0 0 0 0 7 0 5 0 2 6 1 0 0 9 0 4 0 0 0 0 5 0 0 0 0 0 4 0 0 0 0 5 0 7 0 0 9 9 2 0 1 0 8 0 0 0 0 3 4 0 5 9 0 0 0 5 0 7 0 0 0 0 0 0"
1;8;20;"00:00:01.1235437";44997;3666.65;"0 0 0 0 0 0 9 0 7 0 0 0 4 2 0 1 8 0 0 0 0 7 0 5 0 2 6 1 0 0 9 0 4 0 0 0 0 5 0 0 0 0 0 4 0 0 0 0 5 0 7 0 0 9 9 2 0 1 0 8 0 0 0 0 3 4 0 5 9 0 0 0 5 0 7 0 0 0 0 0 0"
1;9;20;"00:00:01.6044367";64337.75;4716.4;"0 0 0 0 0 0 9 0 7 0 0 0 4 2 0 1 8 0 0 0 0 7 0 5 0 2 6 1 0 0 9 0 4 0 0 0 0 5 0 0 0 0 0 4 0 0 0 0 5 0 7 0 0 9 9 2 0 1 0 8 0 0 0 0 3 4 0 5 9 0 0 0 5 0 7 0 0 0 0 0 0"
1;10;20;"00:00:01.0953647";43948;2924.65;"0 0 0 0 0 0 9 0 7 0 0 0 4 2 0 1 8 0 0 0 0 7 0 5 0 2 6 1 0 0 9 0 4 0 0 0 0 5 0 0 0 0 0 4 0 0 0 0 5 0 7 0 0 9 9 2 0 1 0 8 0 0 0 0 3 4 0 5 9 0 0 0 5 0 7 0 0 0 0 0 0"
1;11;20;"00:00:01.0346903";41363.55;2526.45;"0 0 0 0 0 0 9 0 7 0 0 0 4 2 0 1 8 0 0 0 0 7 0 5 0 2 6 1 0 0 9 0 4 0 0 0 0 5 0 0 0 0 0 4 0 0 0 0 5 0 7 0 0 9 9 2 0 1 0 8 0 0 0 0 3 4 0 5 9 0 0 0 5 0 7 0 0 0 0 0 0"
1;12;20;"00:00:01.4442993";57865.3;3273.3;"0 0 0 0 0 0 9 0 7 0 0 0 4 2 0 1 8 0 0 0 0 7 0 5 0 2 6 1 0 0 9 0 4 0 0 0 0 5 0 0 0 0 0 4 0 0 0 0 5 0 7 0 0 9 9 2 0 1 0 8 0 0 0 0 3 4 0 5 9 0 0 0 5 0 7 0 0 0 0 0 0"
1;13;20;"00:00:01.7389218";69716.65;3667.75;"0 0 0 0 0 0 9 0 7 0 0 0 4 2 0 1 8 0 0 0 0 7 0 5 0 2 6 1 0 0 9 0 4 0 0 0 0 5 0 0 0 0 0 4 0 0 0 0 5 0 7 0 0 9 9 2 0 1 0 8 0 0 0 0 3 4 0 5 9 0 0 0 5 0 7 0 0 0 0 0 0"
1;14;20;"00:00:01.0020046";40267;1976.2;"0 0 0 0 0 0 9 0 7 0 0 0 4 2 0 1 8 0 0 0 0 7 0 5 0 2 6 1 0 0 9 0 4 0 0 0 0 5 0 0 0 0 0 4 0 0 0 0 5 0 7 0 0 9 9 2 0 1 0 8 0 0 0 0 3 4 0 5 9 0 0 0 5 0 7 0 0 0 0 0 0"
1;15;20;"00:00:01.7108433";68975.65;3186.8;"0 0 0 0 0 0 9 0 7 0 0 0 4 2 0 1 8 0 0 0 0 7 0 5 0 2 6 1 0 0 9 0 4 0 0 0 0 5 0 0 0 0 0 4 0 0 0 0 5 0 7 0 0 9 9 2 0 1 0 8 0 0 0 0 3 4 0 5 9 0 0 0 5 0 7 0 0 0 0 0 0"
2;5;20;"00:00:02.7060590";108197.85;10602.35;"0 0 0 0 0 0 9 0 7 0 0 0 4 2 0 1 8 0 0 0 0 7 0 5 0 2 6 1 0 0 9 0 4 0 0 0 0 5 0 0 0 0 0 4 0 0 0 0 5 0 7 0 0 9 9 2 0 1 0 8 0 0 0 0 3 4 0 5 9 0 0 0 5 0 7 0 0 0 0 0 0"
2;6;20;"00:00:01.8642405";74657.45;6229.9;"0 0 0 0 0 0 9 0 7 0 0 0 4 2 0 1 8 0 0 0 0 7 0 5 0 2 6 1 0 0 9 0 4 0 0 0 0 5 0 0 0 0 0 4 0 0 0 0 5 0 7 0 0 9 9 2 0 1 0 8 0 0 0 0 3 4 0 5 9 0 0 0 5 0 7 0 0 0 0 0 0"
2;7;20;"00:00:01.1738538";46956.1;3420.15;"0 0 0 0 0 0 9 0 7 0 0 0 4 2 0 1 8 0 0 0 0 7 0 5 0 2 6 1 0 0 9 0 4 0 0 0 0 5 0 0 0 0 0 4 0 0 0 0 5 0 7 0 0 9 9 2 0 1 0 8 0 0 0 0 3 4 0 5 9 0 0 0 5 0 7 0 0 0 0 0 0"
2;8;20;"00:00:01.2457301";50013;3243.15;"0 0 0 0 0 0 9 0 7 0 0 0 4 2 0 1 8 0 0 0 0 7 0 5 0 2 6 1 0 0 9 0 4 0 0 0 0 5 0 0 0 0 0 4 0 0 0 0 5 0 7 0 0 9 9 2 0 1 0 8 0 0 0 0 3 4 0 5 9 0 0 0 5 0 7 0 0 0 0 0 0"
2;9;20;"00:00:01.1685550";46682.6;2740.05;"0 0 0 0 0 0 9 0 7 0 0 0 4 2 0 1 8 0 0 0 0 7 0 5 0 2 6 1 0 0 9 0 4 0 0 0 0 5 0 0 0 0 0 4 0 0 0 0 5 0 7 0 0 9 9 2 0 1 0 8 0 0 0 0 3 4 0 5 9 0 0 0 5 0 7 0 0 0 0 0 0"
2;10;20;"00:00:01.5209416";60878.25;3258.95;"0 0 0 0 0 0 9 0 7 0 0 0 4 2 0 1 8 0 0 0 0 7 0 5 0 2 6 1 0 0 9 0 4 0 0 0 0 5 0 0 0 0 0 4 0 0 0 0 5 0 7 0 0 9 9 2 0 1 0 8 0 0 0 0 3 4 0 5 9 0 0 0 5 0 7 0 0 0 0 0 0"
2;11;20;"00:00:00.8171997";32696.05;1622.05;"0 0 0 0 0 0 9 0 7 0 0 0 4 2 0 1 8 0 0 0 0 7 0 5 0 2 6 1 0 0 9 0 4 0 0 0 0 5 0 0 0 0 0 4 0 0 0 0 5 0 7 0 0 9 9 2 0 1 0 8 0 0 0 0 3 4 0 5 9 0 0 0 5 0 7 0 0 0 0 0 0"
2;12;20;"00:00:01.0798351";42925.8;1969.8;"0 0 0 0 0 0 9 0 7 0 0 0 4 2 0 1 8 0 0 0 0 7 0 5 0 2 6 1 0 0 9 0 4 0 0 0 0 5 0 0 0 0 0 4 0 0 0 0 5 0 7 0 0 9 9 2 0 1 0 8 0 0 0 0 3 4 0 5 9 0 0 0 5 0 7 0 0 0 0 0 0"
2;13;20;"00:00:01.1293913";45063.75;1936.5;"0 0 0 0 0 0 9 0 7 0 0 0 4 2 0 1 8 0 0 0 0 7 0 5 0 2 6 1 0 0 9 0 4 0 0 0 0 5 0 0 0 0 0 4 0 0 0 0 5 0 7 0 0 9 9 2 0 1 0 8 0 0 0 0 3 4 0 5 9 0 0 0 5 0 7 0 0 0 0 0 0"
2;14;20;"00:00:01.0912794";43715.8;1766.95;"0 0 0 0 0 0 9 0 7 0 0 0 4 2 0 1 8 0 0 0 0 7 0 5 0 2 6 1 0 0 9 0 4 0 0 0 0 5 0 0 0 0 0 4 0 0 0 0 5 0 7 0 0 9 9 2 0 1 0 8 0 0 0 0 3 4 0 5 9 0 0 0 5 0 7 0 0 0 0 0 0"
2;15;20;"00:00:01.2388632";49726.2;1895.6;"0 0 0 0 0 0 9 0 7 0 0 0 4 2 0 1 8 0 0 0 0 7 0 5 0 2 6 1 0 0 9 0 4 0 0 0 0 5 0 0 0 0 0 4 0 0 0 0 5 0 7 0 0 9 9 2 0 1 0 8 0 0 0 0 3 4 0 5 9 0 0 0 5 0 7 0 0 0 0 0 0"
3;5;20;"00:00:04.6814216";187006.05;15551.35;"0 0 0 0 0 0 9 0 7 0 0 0 4 2 0 1 8 0 0 0 0 7 0 5 0 2 6 1 0 0 9 0 4 0 0 0 0 5 0 0 0 0 0 4 0 0 0 0 5 0 7 0 0 9 9 2 0 1 0 8 0 0 0 0 3 4 0 5 9 0 0 0 5 0 7 0 0 0 0 0 0"
3;6;20;"00:00:03.2042501";127822.15;9091.4;"0 0 0 0 0 0 9 0 7 0 0 0 4 2 0 1 8 0 0 0 0 7 0 5 0 2 6 1 0 0 9 0 4 0 0 0 0 5 0 0 0 0 0 4 0 0 0 0 5 0 7 0 0 9 9 2 0 1 0 8 0 0 0 0 3 4 0 5 9 0 0 0 5 0 7 0 0 0 0 0 0"
3;7;20;"00:00:01.4737554";58782.9;3658.6;"0 0 0 0 0 0 9 0 7 0 0 0 4 2 0 1 8 0 0 0 0 7 0 5 0 2 6 1 0 0 9 0 4 0 0 0 0 5 0 0 0 0 0 4 0 0 0 0 5 0 7 0 0 9 9 2 0 1 0 8 0 0 0 0 3 4 0 5 9 0 0 0 5 0 7 0 0 0 0 0 0"
3;8;20;"00:00:02.1155659";84580.3;4712.75;"0 0 0 0 0 0 9 0 7 0 0 0 4 2 0 1 8 0 0 0 0 7 0 5 0 2 6 1 0 0 9 0 4 0 0 0 0 5 0 0 0 0 0 4 0 0 0 0 5 0 7 0 0 9 9 2 0 1 0 8 0 0 0 0 3 4 0 5 9 0 0 0 5 0 7 0 0 0 0 0 0"
3;9;20;"00:00:02.1334862";85013.4;4299.55;"0 0 0 0 0 0 9 0 7 0 0 0 4 2 0 1 8 0 0 0 0 7 0 5 0 2 6 1 0 0 9 0 4 0 0 0 0 5 0 0 0 0 0 4 0 0 0 0 5 0 7 0 0 9 9 2 0 1 0 8 0 0 0 0 3 4 0 5 9 0 0 0 5 0 7 0 0 0 0 0 0"
3;10;20;"00:00:01.6149526";64882.4;3012.85;"0 0 0 0 0 0 9 0 7 0 0 0 4 2 0 1 8 0 0 0 0 7 0 5 0 2 6 1 0 0 9 0 4 0 0 0 0 5 0 0 0 0 0 4 0 0 0 0 5 0 7 0 0 9 9 2 0 1 0 8 0 0 0 0 3 4 0 5 9 0 0 0 5 0 7 0 0 0 0 0 0"
3;11;20;"00:00:01.5936821";63947.2;2744.05;"0 0 0 0 0 0 9 0 7 0 0 0 4 2 0 1 8 0 0 0 0 7 0 5 0 2 6 1 0 0 9 0 4 0 0 0 0 5 0 0 0 0 0 4 0 0 0 0 5 0 7 0 0 9 9 2 0 1 0 8 0 0 0 0 3 4 0 5 9 0 0 0 5 0 7 0 0 0 0 0 0"
3;12;20;"00:00:01.1657006";46780.9;1865.6;"0 0 0 0 0 0 9 0 7 0 0 0 4 2 0 1 8 0 0 0 0 7 0 5 0 2 6 1 0 0 9 0 4 0 0 0 0 5 0 0 0 0 0 4 0 0 0 0 5 0 7 0 0 9 9 2 0 1 0 8 0 0 0 0 3 4 0 5 9 0 0 0 5 0 7 0 0 0 0 0 0"
3;13;20;"00:00:01.0046587";40133.05;1504.9;"0 0 0 0 0 0 9 0 7 0 0 0 4 2 0 1 8 0 0 0 0 7 0 5 0 2 6 1 0 0 9 0 4 0 0 0 0 5 0 0 0 0 0 4 0 0 0 0 5 0 7 0 0 9 9 2 0 1 0 8 0 0 0 0 3 4 0 5 9 0 0 0 5 0 7 0 0 0 0 0 0"
3;14;20;"00:00:01.1637978";46679.2;1648.45;"0 0 0 0 0 0 9 0 7 0 0 0 4 2 0 1 8 0 0 0 0 7 0 5 0 2 6 1 0 0 9 0 4 0 0 0 0 5 0 0 0 0 0 4 0 0 0 0 5 0 7 0 0 9 9 2 0 1 0 8 0 0 0 0 3 4 0 5 9 0 0 0 5 0 7 0 0 0 0 0 0"
3;15;20;"00:00:01.6392569";65673.9;2205.95;"0 0 0 0 0 0 9 0 7 0 0 0 4 2 0 1 8 0 0 0 0 7 0 5 0 2 6 1 0 0 9 0 4 0 0 0 0 5 0 0 0 0 0 4 0 0 0 0 5 0 7 0 0 9 9 2 0 1 0 8 0 0 0 0 3 4 0 5 9 0 0 0 5 0 7 0 0 0 0 0 0"
4;5;20;"00:00:09.9046439";386979.55;28484.2;"0 0 0 0 0 0 9 0 7 0 0 0 4 2 0 1 8 0 0 0 0 7 0 5 0 2 6 1 0 0 9 0 4 0 0 0 0 5 0 0 0 0 0 4 0 0 0 0 5 0 7 0 0 9 9 2 0 1 0 8 0 0 0 0 3 4 0 5 9 0 0 0 5 0 7 0 0 0 0 0 0"
4;6;20;"00:00:05.1740947";199577.25;12589.15;"0 0 0 0 0 0 9 0 7 0 0 0 4 2 0 1 8 0 0 0 0 7 0 5 0 2 6 1 0 0 9 0 4 0 0 0 0 5 0 0 0 0 0 4 0 0 0 0 5 0 7 0 0 9 9 2 0 1 0 8 0 0 0 0 3 4 0 5 9 0 0 0 5 0 7 0 0 0 0 0 0"
4;7;20;"00:00:02.8109605";107997.65;5991.45;"0 0 0 0 0 0 9 0 7 0 0 0 4 2 0 1 8 0 0 0 0 7 0 5 0 2 6 1 0 0 9 0 4 0 0 0 0 5 0 0 0 0 0 4 0 0 0 0 5 0 7 0 0 9 9 2 0 1 0 8 0 0 0 0 3 4 0 5 9 0 0 0 5 0 7 0 0 0 0 0 0"
4;8;20;"00:00:03.8184820";144492;7180.55;"0 0 0 0 0 0 9 0 7 0 0 0 4 2 0 1 8 0 0 0 0 7 0 5 0 2 6 1 0 0 9 0 4 0 0 0 0 5 0 0 0 0 0 4 0 0 0 0 5 0 7 0 0 9 9 2 0 1 0 8 0 0 0 0 3 4 0 5 9 0 0 0 5 0 7 0 0 0 0 0 0"
4;9;20;"00:00:02.1778353";81806.15;3693.55;"0 0 0 0 0 0 9 0 7 0 0 0 4 2 0 1 8 0 0 0 0 7 0 5 0 2 6 1 0 0 9 0 4 0 0 0 0 5 0 0 0 0 0 4 0 0 0 0 5 0 7 0 0 9 9 2 0 1 0 8 0 0 0 0 3 4 0 5 9 0 0 0 5 0 7 0 0 0 0 0 0"
4;10;20;"00:00:01.5776012";59737.7;2481.7;"0 0 0 0 0 0 9 0 7 0 0 0 4 2 0 1 8 0 0 0 0 7 0 5 0 2 6 1 0 0 9 0 4 0 0 0 0 5 0 0 0 0 0 4 0 0 0 0 5 0 7 0 0 9 9 2 0 1 0 8 0 0 0 0 3 4 0 5 9 0 0 0 5 0 7 0 0 0 0 0 0"
4;11;20;"00:00:01.7422738";66047.9;2558.1;"0 0 0 0 0 0 9 0 7 0 0 0 4 2 0 1 8 0 0 0 0 7 0 5 0 2 6 1 0 0 9 0 4 0 0 0 0 5 0 0 0 0 0 4 0 0 0 0 5 0 7 0 0 9 9 2 0 1 0 8 0 0 0 0 3 4 0 5 9 0 0 0 5 0 7 0 0 0 0 0 0"
4;12;20;"00:00:01.1977921";45431.3;1639.2;"0 0 0 0 0 0 9 0 7 0 0 0 4 2 0 1 8 0 0 0 0 7 0 5 0 2 6 1 0 0 9 0 4 0 0 0 0 5 0 0 0 0 0 4 0 0 0 0 5 0 7 0 0 9 9 2 0 1 0 8 0 0 0 0 3 4 0 5 9 0 0 0 5 0 7 0 0 0 0 0 0"
4;13;20;"00:00:01.0540764";40082.6;1360.2;"0 0 0 0 0 0 9 0 7 0 0 0 4 2 0 1 8 0 0 0 0 7 0 5 0 2 6 1 0 0 9 0 4 0 0 0 0 5 0 0 0 0 0 4 0 0 0 0 5 0 7 0 0 9 9 2 0 1 0 8 0 0 0 0 3 4 0 5 9 0 0 0 5 0 7 0 0 0 0 0 0"
4;14;20;"00:00:01.3590566";51153.25;1641.9;"0 0 0 0 0 0 9 0 7 0 0 0 4 2 0 1 8 0 0 0 0 7 0 5 0 2 6 1 0 0 9 0 4 0 0 0 0 5 0 0 0 0 0 4 0 0 0 0 5 0 7 0 0 9 9 2 0 1 0 8 0 0 0 0 3 4 0 5 9 0 0 0 5 0 7 0 0 0 0 0 0"
4;15;20;"00:00:01.3424198";50036.4;1522.6;"0 0 0 0 0 0 9 0 7 0 0 0 4 2 0 1 8 0 0 0 0 7 0 5 0 2 6 1 0 0 9 0 4 0 0 0 0 5 0 0 0 0 0 4 0 0 0 0 5 0 7 0 0 9 9 2 0 1 0 8 0 0 0 0 3 4 0 5 9 0 0 0 5 0 7 0 0 0 0 0 0"
1;5;20;"00:00:00.1860601";8120.3;1014.55;"0 3 0 0 5 0 0 4 0 0 0 8 0 1 0 5 0 0 4 6 0 0 0 0 0 1 2 0 7 0 5 0 2 0 8 0 0 0 0 6 0 3 0 0 0 0 4 0 1 0 9 0 3 0 2 5 0 0 0 0 0 9 8 0 0 1 0 2 0 6 0 0 0 8 0 0 6 0 0 2 0"
1;6;20;"00:00:00.2959147";13040.75;1383.35;"0 3 0 0 5 0 0 4 0 0 0 8 0 1 0 5 0 0 4 6 0 0 0 0 0 1 2 0 7 0 5 0 2 0 8 0 0 0 0 6 0 3 0 0 0 0 4 0 1 0 9 0 3 0 2 5 0 0 0 0 0 9 8 0 0 1 0 2 0 6 0 0 0 8 0 0 6 0 0 2 0"
1;7;20;"00:00:00.3187236";13999.7;1289;"0 3 0 0 5 0 0 4 0 0 0 8 0 1 0 5 0 0 4 6 0 0 0 0 0 1 2 0 7 0 5 0 2 0 8 0 0 0 0 6 0 3 0 0 0 0 4 0 1 0 9 0 3 0 2 5 0 0 0 0 0 9 8 0 0 1 0 2 0 6 0 0 0 8 0 0 6 0 0 2 0"
1;8;20;"00:00:00.1629151";7191.5;580.7;"0 3 0 0 5 0 0 4 0 0 0 8 0 1 0 5 0 0 4 6 0 0 0 0 0 1 2 0 7 0 5 0 2 0 8 0 0 0 0 6 0 3 0 0 0 0 4 0 1 0 9 0 3 0 2 5 0 0 0 0 0 9 8 0 0 1 0 2 0 6 0 0 0 8 0 0 6 0 0 2 0"
1;9;20;"00:00:00.1754299";7836.55;569.35;"0 3 0 0 5 0 0 4 0 0 0 8 0 1 0 5 0 0 4 6 0 0 0 0 0 1 2 0 7 0 5 0 2 0 8 0 0 0 0 6 0 3 0 0 0 0 4 0 1 0 9 0 3 0 2 5 0 0 0 0 0 9 8 0 0 1 0 2 0 6 0 0 0 8 0 0 6 0 0 2 0"
1;10;20;"00:00:00.1819245";8061.95;534.65;"0 3 0 0 5 0 0 4 0 0 0 8 0 1 0 5 0 0 4 6 0 0 0 0 0 1 2 0 7 0 5 0 2 0 8 0 0 0 0 6 0 3 0 0 0 0 4 0 1 0 9 0 3 0 2 5 0 0 0 0 0 9 8 0 0 1 0 2 0 6 0 0 0 8 0 0 6 0 0 2 0"
1;11;20;"00:00:00.2792194";12398.15;756;"0 3 0 0 5 0 0 4 0 0 0 8 0 1 0 5 0 0 4 6 0 0 0 0 0 1 2 0 7 0 5 0 2 0 8 0 0 0 0 6 0 3 0 0 0 0 4 0 1 0 9 0 3 0 2 5 0 0 0 0 0 9 8 0 0 1 0 2 0 6 0 0 0 8 0 0 6 0 0 2 0"
1;12;20;"00:00:00.2005588";8790.3;492.9;"0 3 0 0 5 0 0 4 0 0 0 8 0 1 0 5 0 0 4 6 0 0 0 0 0 1 2 0 7 0 5 0 2 0 8 0 0 0 0 6 0 3 0 0 0 0 4 0 1 0 9 0 3 0 2 5 0 0 0 0 0 9 8 0 0 1 0 2 0 6 0 0 0 8 0 0 6 0 0 2 0"
1;13;20;"00:00:00.2169349";9604.45;503.35;"0 3 0 0 5 0 0 4 0 0 0 8 0 1 0 5 0 0 4 6 0 0 0 0 0 1 2 0 7 0 5 0 2 0 8 0 0 0 0 6 0 3 0 0 0 0 4 0 1 0 9 0 3 0 2 5 0 0 0 0 0 9 8 0 0 1 0 2 0 6 0 0 0 8 0 0 6 0 0 2 0"
1;14;20;"00:00:00.4021703";17423.35;853.35;"0 3 0 0 5 0 0 4 0 0 0 8 0 1 0 5 0 0 4 6 0 0 0 0 0 1 2 0 7 0 5 0 2 0 8 0 0 0 0 6 0 3 0 0 0 0 4 0 1 0 9 0 3 0 2 5 0 0 0 0 0 9 8 0 0 1 0 2 0 6 0 0 0 8 0 0 6 0 0 2 0"
1;15;20;"00:00:00.2396280";10671.6;491.1;"0 3 0 0 5 0 0 4 0 0 0 8 0 1 0 5 0 0 4 6 0 0 0 0 0 1 2 0 7 0 5 0 2 0 8 0 0 0 0 6 0 3 0 0 0 0 4 0 1 0 9 0 3 0 2 5 0 0 0 0 0 9 8 0 0 1 0 2 0 6 0 0 0 8 0 0 6 0 0 2 0"
2;5;20;"00:00:00.3200133";14324.8;1406.65;"0 3 0 0 5 0 0 4 0 0 0 8 0 1 0 5 0 0 4 6 0 0 0 0 0 1 2 0 7 0 5 0 2 0 8 0 0 0 0 6 0 3 0 0 0 0 4 0 1 0 9 0 3 0 2 5 0 0 0 0 0 9 8 0 0 1 0 2 0 6 0 0 0 8 0 0 6 0 0 2 0"
2;6;20;"00:00:00.3960154";17457.4;1463.65;"0 3 0 0 5 0 0 4 0 0 0 8 0 1 0 5 0 0 4 6 0 0 0 0 0 1 2 0 7 0 5 0 2 0 8 0 0 0 0 6 0 3 0 0 0 0 4 0 1 0 9 0 3 0 2 5 0 0 0 0 0 9 8 0 0 1 0 2 0 6 0 0 0 8 0 0 6 0 0 2 0"
2;7;20;"00:00:00.2714048";11837.95;864.05;"0 3 0 0 5 0 0 4 0 0 0 8 0 1 0 5 0 0 4 6 0 0 0 0 0 1 2 0 7 0 5 0 2 0 8 0 0 0 0 6 0 3 0 0 0 0 4 0 1 0 9 0 3 0 2 5 0 0 0 0 0 9 8 0 0 1 0 2 0 6 0 0 0 8 0 0 6 0 0 2 0"
2;8;20;"00:00:00.2305559";10183.65;661.2;"0 3 0 0 5 0 0 4 0 0 0 8 0 1 0 5 0 0 4 6 0 0 0 0 0 1 2 0 7 0 5 0 2 0 8 0 0 0 0 6 0 3 0 0 0 0 4 0 1 0 9 0 3 0 2 5 0 0 0 0 0 9 8 0 0 1 0 2 0 6 0 0 0 8 0 0 6 0 0 2 0"
2;9;20;"00:00:00.1551984";6865.75;402.8;"0 3 0 0 5 0 0 4 0 0 0 8 0 1 0 5 0 0 4 6 0 0 0 0 0 1 2 0 7 0 5 0 2 0 8 0 0 0 0 6 0 3 0 0 0 0 4 0 1 0 9 0 3 0 2 5 0 0 0 0 0 9 8 0 0 1 0 2 0 6 0 0 0 8 0 0 6 0 0 2 0"
2;10;20;"00:00:00.1595448";7094.15;380.85;"0 3 0 0 5 0 0 4 0 0 0 8 0 1 0 5 0 0 4 6 0 0 0 0 0 1 2 0 7 0 5 0 2 0 8 0 0 0 0 6 0 3 0 0 0 0 4 0 1 0 9 0 3 0 2 5 0 0 0 0 0 9 8 0 0 1 0 2 0 6 0 0 0 8 0 0 6 0 0 2 0"
2;11;20;"00:00:00.1866340";8270.5;406.3;"0 3 0 0 5 0 0 4 0 0 0 8 0 1 0 5 0 0 4 6 0 0 0 0 0 1 2 0 7 0 5 0 2 0 8 0 0 0 0 6 0 3 0 0 0 0 4 0 1 0 9 0 3 0 2 5 0 0 0 0 0 9 8 0 0 1 0 2 0 6 0 0 0 8 0 0 6 0 0 2 0"
2;12;20;"00:00:00.1887989";8376.75;383.3;"0 3 0 0 5 0 0 4 0 0 0 8 0 1 0 5 0 0 4 6 0 0 0 0 0 1 2 0 7 0 5 0 2 0 8 0 0 0 0 6 0 3 0 0 0 0 4 0 1 0 9 0 3 0 2 5 0 0 0 0 0 9 8 0 0 1 0 2 0 6 0 0 0 8 0 0 6 0 0 2 0"
2;13;20;"00:00:00.2554083";11172.75;481.35;"0 3 0 0 5 0 0 4 0 0 0 8 0 1 0 5 0 0 4 6 0 0 0 0 0 1 2 0 7 0 5 0 2 0 8 0 0 0 0 6 0 3 0 0 0 0 4 0 1 0 9 0 3 0 2 5 0 0 0 0 0 9 8 0 0 1 0 2 0 6 0 0 0 8 0 0 6 0 0 2 0"
2;14;20;"00:00:00.1596621";6974.95;279.85;"0 3 0 0 5 0 0 4 0 0 0 8 0 1 0 5 0 0 4 6 0 0 0 0 0 1 2 0 7 0 5 0 2 0 8 0 0 0 0 6 0 3 0 0 0 0 4 0 1 0 9 0 3 0 2 5 0 0 0 0 0 9 8 0 0 1 0 2 0 6 0 0 0 8 0 0 6 0 0 2 0"
2;15;20;"00:00:00.2284456";10071;382.85;"0 3 0 0 5 0 0 4 0 0 0 8 0 1 0 5 0 0 4 6 0 0 0 0 0 1 2 0 7 0 5 0 2 0 8 0 0 0 0 6 0 3 0 0 0 0 4 0 1 0 9 0 3 0 2 5 0 0 0 0 0 9 8 0 0 1 0 2 0 6 0 0 0 8 0 0 6 0 0 2 0"
3;5;20;"00:00:00.5829796";25700.4;2148.15;"0 3 0 0 5 0 0 4 0 0 0 8 0 1 0 5 0 0 4 6 0 0 0 0 0 1 2 0 7 0 5 0 2 0 8 0 0 0 0 6 0 3 0 0 0 0 4 0 1 0 9 0 3 0 2 5 0 0 0 0 0 9 8 0 0 1 0 2 0 6 0 0 0 8 0 0 6 0 0 2 0"
3;6;20;"00:00:00.5343636";23373.1;1668.15;"0 3 0 0 5 0 0 4 0 0 0 8 0 1 0 5 0 0 4 6 0 0 0 0 0 1 2 0 7 0 5 0 2 0 8 0 0 0 0 6 0 3 0 0 0 0 4 0 1 0 9 0 3 0 2 5 0 0 0 0 0 9 8 0 0 1 0 2 0 6 0 0 0 8 0 0 6 0 0 2 0"
3;7;20;"00:00:00.2544134";11146.7;698.05;"0 3 0 0 5 0 0 4 0 0 0 8 0 1 0 5 0 0 4 6 0 0 0 0 0 1 2 0 7 0 5 0 2 0 8 0 0 0 0 6 0 3 0 0 0 0 4 0 1 0 9 0 3 0 2 5 0 0 0 0 0 9 8 0 0 1 0 2 0 6 0 0 0 8 0 0 6 0 0 2 0"
3;8;20;"00:00:00.2252540";9967.05;557.55;"0 3 0 0 5 0 0 4 0 0 0 8 0 1 0 5 0 0 4 6 0 0 0 0 0 1 2 0 7 0 5 0 2 0 8 0 0 0 0 6 0 3 0 0 0 0 4 0 1 0 9 0 3 0 2 5 0 0 0 0 0 9 8 0 0 1 0 2 0 6 0 0 0 8 0 0 6 0 0 2 0"
3;9;20;"00:00:00.2521333";11005.95;558.8;"0 3 0 0 5 0 0 4 0 0 0 8 0 1 0 5 0 0 4 6 0 0 0 0 0 1 2 0 7 0 5 0 2 0 8 0 0 0 0 6 0 3 0 0 0 0 4 0 1 0 9 0 3 0 2 5 0 0 0 0 0 9 8 0 0 1 0 2 0 6 0 0 0 8 0 0 6 0 0 2 0"
3;10;20;"00:00:00.1124469";4962.95;229.75;"0 3 0 0 5 0 0 4 0 0 0 8 0 1 0 5 0 0 4 6 0 0 0 0 0 1 2 0 7 0 5 0 2 0 8 0 0 0 0 6 0 3 0 0 0 0 4 0 1 0 9 0 3 0 2 5 0 0 0 0 0 9 8 0 0 1 0 2 0 6 0 0 0 8 0 0 6 0 0 2 0"
3;11;20;"00:00:00.1690010";7502.9;321.55;"0 3 0 0 5 0 0 4 0 0 0 8 0 1 0 5 0 0 4 6 0 0 0 0 0 1 2 0 7 0 5 0 2 0 8 0 0 0 0 6 0 3 0 0 0 0 4 0 1 0 9 0 3 0 2 5 0 0 0 0 0 9 8 0 0 1 0 2 0 6 0 0 0 8 0 0 6 0 0 2 0"
3;12;20;"00:00:00.1796588";7974.6;319.6;"0 3 0 0 5 0 0 4 0 0 0 8 0 1 0 5 0 0 4 6 0 0 0 0 0 1 2 0 7 0 5 0 2 0 8 0 0 0 0 6 0 3 0 0 0 0 4 0 1 0 9 0 3 0 2 5 0 0 0 0 0 9 8 0 0 1 0 2 0 6 0 0 0 8 0 0 6 0 0 2 0"
3;13;20;"00:00:00.1717804";7650.25;287.55;"0 3 0 0 5 0 0 4 0 0 0 8 0 1 0 5 0 0 4 6 0 0 0 0 0 1 2 0 7 0 5 0 2 0 8 0 0 0 0 6 0 3 0 0 0 0 4 0 1 0 9 0 3 0 2 5 0 0 0 0 0 9 8 0 0 1 0 2 0 6 0 0 0 8 0 0 6 0 0 2 0"
3;14;20;"00:00:00.2117284";9465.95;335.15;"0 3 0 0 5 0 0 4 0 0 0 8 0 1 0 5 0 0 4 6 0 0 0 0 0 1 2 0 7 0 5 0 2 0 8 0 0 0 0 6 0 3 0 0 0 0 4 0 1 0 9 0 3 0 2 5 0 0 0 0 0 9 8 0 0 1 0 2 0 6 0 0 0 8 0 0 6 0 0 2 0"
3;15;20;"00:00:00.1935894";8630.2;290;"0 3 0 0 5 0 0 4 0 0 0 8 0 1 0 5 0 0 4 6 0 0 0 0 0 1 2 0 7 0 5 0 2 0 8 0 0 0 0 6 0 3 0 0 0 0 4 0 1 0 9 0 3 0 2 5 0 0 0 0 0 9 8 0 0 1 0 2 0 6 0 0 0 8 0 0 6 0 0 2 0"
4;5;20;"00:00:01.0117328";42427.3;3141.45;"0 3 0 0 5 0 0 4 0 0 0 8 0 1 0 5 0 0 4 6 0 0 0 0 0 1 2 0 7 0 5 0 2 0 8 0 0 0 0 6 0 3 0 0 0 0 4 0 1 0 9 0 3 0 2 5 0 0 0 0 0 9 8 0 0 1 0 2 0 6 0 0 0 8 0 0 6 0 0 2 0"
4;6;20;"00:00:00.8963510";36065.35;2291.2;"0 3 0 0 5 0 0 4 0 0 0 8 0 1 0 5 0 0 4 6 0 0 0 0 0 1 2 0 7 0 5 0 2 0 8 0 0 0 0 6 0 3 0 0 0 0 4 0 1 0 9 0 3 0 2 5 0 0 0 0 0 9 8 0 0 1 0 2 0 6 0 0 0 8 0 0 6 0 0 2 0"
4;7;20;"00:00:00.2027619";8800.35;489.55;"0 3 0 0 5 0 0 4 0 0 0 8 0 1 0 5 0 0 4 6 0 0 0 0 0 1 2 0 7 0 5 0 2 0 8 0 0 0 0 6 0 3 0 0 0 0 4 0 1 0 9 0 3 0 2 5 0 0 0 0 0 9 8 0 0 1 0 2 0 6 0 0 0 8 0 0 6 0 0 2 0"
4;8;20;"00:00:00.2844419";12568.9;629.55;"0 3 0 0 5 0 0 4 0 0 0 8 0 1 0 5 0 0 4 6 0 0 0 0 0 1 2 0 7 0 5 0 2 0 8 0 0 0 0 6 0 3 0 0 0 0 4 0 1 0 9 0 3 0 2 5 0 0 0 0 0 9 8 0 0 1 0 2 0 6 0 0 0 8 0 0 6 0 0 2 0"
4;9;20;"00:00:00.2332277";10218.65;465.45;"0 3 0 0 5 0 0 4 0 0 0 8 0 1 0 5 0 0 4 6 0 0 0 0 0 1 2 0 7 0 5 0 2 0 8 0 0 0 0 6 0 3 0 0 0 0 4 0 1 0 9 0 3 0 2 5 0 0 0 0 0 9 8 0 0 1 0 2 0 6 0 0 0 8 0 0 6 0 0 2 0"
4;10;20;"00:00:00.3582785";15783;663.8;"0 3 0 0 5 0 0 4 0 0 0 8 0 1 0 5 0 0 4 6 0 0 0 0 0 1 2 0 7 0 5 0 2 0 8 0 0 0 0 6 0 3 0 0 0 0 4 0 1 0 9 0 3 0 2 5 0 0 0 0 0 9 8 0 0 1 0 2 0 6 0 0 0 8 0 0 6 0 0 2 0"
4;11;20;"00:00:00.3080942";13455.8;523.4;"0 3 0 0 5 0 0 4 0 0 0 8 0 1 0 5 0 0 4 6 0 0 0 0 0 1 2 0 7 0 5 0 2 0 8 0 0 0 0 6 0 3 0 0 0 0 4 0 1 0 9 0 3 0 2 5 0 0 0 0 0 9 8 0 0 1 0 2 0 6 0 0 0 8 0 0 6 0 0 2 0"
4;12;20;"00:00:00.3078564";13419.8;487.8;"0 3 0 0 5 0 0 4 0 0 0 8 0 1 0 5 0 0 4 6 0 0 0 0 0 1 2 0 7 0 5 0 2 0 8 0 0 0 0 6 0 3 0 0 0 0 4 0 1 0 9 0 3 0 2 5 0 0 0 0 0 9 8 0 0 1 0 2 0 6 0 0 0 8 0 0 6 0 0 2 0"
4;13;20;"00:00:00.2184236";9417.35;321.2;"0 3 0 0 5 0 0 4 0 0 0 8 0 1 0 5 0 0 4 6 0 0 0 0 0 1 2 0 7 0 5 0 2 0 8 0 0 0 0 6 0 3 0 0 0 0 4 0 1 0 9 0 3 0 2 5 0 0 0 0 0 9 8 0 0 1 0 2 0 6 0 0 0 8 0 0 6 0 0 2 0"
4;14;20;"00:00:00.1986973";8779.45;281.5;"0 3 0 0 5 0 0 4 0 0 0 8 0 1 0 5 0 0 4 6 0 0 0 0 0 1 2 0 7 0 5 0 2 0 8 0 0 0 0 6 0 3 0 0 0 0 4 0 1 0 9 0 3 0 2 5 0 0 0 0 0 9 8 0 0 1 0 2 0 6 0 0 0 8 0 0 6 0 0 2 0"
4;15;20;"00:00:00.1509676";6634.05;203;"0 3 0 0 5 0 0 4 0 0 0 8 0 1 0 5 0 0 4 6 0 0 0 0 0 1 2 0 7 0 5 0 2 0 8 0 0 0 0 6 0 3 0 0 0 0 4 0 1 0 9 0 3 0 2 5 0 0 0 0 0 9 8 0 0 1 0 2 0 6 0 0 0 8 0 0 6 0 0 2 0"
1;5;20;"00:00:00.0030866";190.95;20.4;"0 2 0 8 1 0 7 4 0 7 0 0 0 0 3 1 0 0 0 9 0 0 0 2 8 0 5 0 0 9 0 4 0 0 8 7 4 0 0 2 0 8 0 0 3 1 6 0 0 3 0 2 0 0 3 0 2 7 0 0 0 6 0 0 0 5 6 0 0 0 0 8 0 7 6 0 5 1 0 9 0"
1;6;20;"00:00:00.0024775";152.75;12.5;"0 2 0 8 1 0 7 4 0 7 0 0 0 0 3 1 0 0 0 9 0 0 0 2 8 0 5 0 0 9 0 4 0 0 8 7 4 0 0 2 0 8 0 0 3 1 6 0 0 3 0 2 0 0 3 0 2 7 0 0 0 6 0 0 0 5 6 0 0 0 0 8 0 7 6 0 5 1 0 9 0"
1;7;20;"00:00:00.0035646";178.85;13.1;"0 2 0 8 1 0 7 4 0 7 0 0 0 0 3 1 0 0 0 9 0 0 0 2 8 0 5 0 0 9 0 4 0 0 8 7 4 0 0 2 0 8 0 0 3 1 6 0 0 3 0 2 0 0 3 0 2 7 0 0 0 6 0 0 0 5 6 0 0 0 0 8 0 7 6 0 5 1 0 9 0"
1;8;20;"00:00:00.0029049";169.4;10.35;"0 2 0 8 1 0 7 4 0 7 0 0 0 0 3 1 0 0 0 9 0 0 0 2 8 0 5 0 0 9 0 4 0 0 8 7 4 0 0 2 0 8 0 0 3 1 6 0 0 3 0 2 0 0 3 0 2 7 0 0 0 6 0 0 0 5 6 0 0 0 0 8 0 7 6 0 5 1 0 9 0"
1;9;20;"00:00:00.0036374";226.05;13.5;"0 2 0 8 1 0 7 4 0 7 0 0 0 0 3 1 0 0 0 9 0 0 0 2 8 0 5 0 0 9 0 4 0 0 8 7 4 0 0 2 0 8 0 0 3 1 6 0 0 3 0 2 0 0 3 0 2 7 0 0 0 6 0 0 0 5 6 0 0 0 0 8 0 7 6 0 5 1 0 9 0"
1;10;20;"00:00:00.0027798";169.55;8.45;"0 2 0 8 1 0 7 4 0 7 0 0 0 0 3 1 0 0 0 9 0 0 0 2 8 0 5 0 0 9 0 4 0 0 8 7 4 0 0 2 0 8 0 0 3 1 6 0 0 3 0 2 0 0 3 0 2 7 0 0 0 6 0 0 0 5 6 0 0 0 0 8 0 7 6 0 5 1 0 9 0"
1;11;20;"00:00:00.0027598";153.2;6;"0 2 0 8 1 0 7 4 0 7 0 0 0 0 3 1 0 0 0 9 0 0 0 2 8 0 5 0 0 9 0 4 0 0 8 7 4 0 0 2 0 8 0 0 3 1 6 0 0 3 0 2 0 0 3 0 2 7 0 0 0 6 0 0 0 5 6 0 0 0 0 8 0 7 6 0 5 1 0 9 0"
1;12;20;"00:00:00.0028340";170.7;6.75;"0 2 0 8 1 0 7 4 0 7 0 0 0 0 3 1 0 0 0 9 0 0 0 2 8 0 5 0 0 9 0 4 0 0 8 7 4 0 0 2 0 8 0 0 3 1 6 0 0 3 0 2 0 0 3 0 2 7 0 0 0 6 0 0 0 5 6 0 0 0 0 8 0 7 6 0 5 1 0 9 0"
1;13;20;"00:00:00.0041316";209.7;7.85;"0 2 0 8 1 0 7 4 0 7 0 0 0 0 3 1 0 0 0 9 0 0 0 2 8 0 5 0 0 9 0 4 0 0 8 7 4 0 0 2 0 8 0 0 3 1 6 0 0 3 0 2 0 0 3 0 2 7 0 0 0 6 0 0 0 5 6 0 0 0 0 8 0 7 6 0 5 1 0 9 0"
1;14;20;"00:00:00.0026598";163.3;5.15;"0 2 0 8 1 0 7 4 0 7 0 0 0 0 3 1 0 0 0 9 0 0 0 2 8 0 5 0 0 9 0 4 0 0 8 7 4 0 0 2 0 8 0 0 3 1 6 0 0 3 0 2 0 0 3 0 2 7 0 0 0 6 0 0 0 5 6 0 0 0 0 8 0 7 6 0 5 1 0 9 0"
1;15;20;"00:00:00.0029984";184.75;5.9;"0 2 0 8 1 0 7 4 0 7 0 0 0 0 3 1 0 0 0 9 0 0 0 2 8 0 5 0 0 9 0 4 0 0 8 7 4 0 0 2 0 8 0 0 3 1 6 0 0 3 0 2 0 0 3 0 2 7 0 0 0 6 0 0 0 5 6 0 0 0 0 8 0 7 6 0 5 1 0 9 0"
2;5;20;"00:00:00.0034981";200.05;16.4;"0 2 0 8 1 0 7 4 0 7 0 0 0 0 3 1 0 0 0 9 0 0 0 2 8 0 5 0 0 9 0 4 0 0 8 7 4 0 0 2 0 8 0 0 3 1 6 0 0 3 0 2 0 0 3 0 2 7 0 0 0 6 0 0 0 5 6 0 0 0 0 8 0 7 6 0 5 1 0 9 0"
2;6;20;"00:00:00.0047411";280.4;21.2;"0 2 0 8 1 0 7 4 0 7 0 0 0 0 3 1 0 0 0 9 0 0 0 2 8 0 5 0 0 9 0 4 0 0 8 7 4 0 0 2 0 8 0 0 3 1 6 0 0 3 0 2 0 0 3 0 2 7 0 0 0 6 0 0 0 5 6 0 0 0 0 8 0 7 6 0 5 1 0 9 0"
2;7;20;"00:00:00.0045503";267.4;16.9;"0 2 0 8 1 0 7 4 0 7 0 0 0 0 3 1 0 0 0 9 0 0 0 2 8 0 5 0 0 9 0 4 0 0 8 7 4 0 0 2 0 8 0 0 3 1 6 0 0 3 0 2 0 0 3 0 2 7 0 0 0 6 0 0 0 5 6 0 0 0 0 8 0 7 6 0 5 1 0 9 0"
2;8;20;"00:00:00.0037561";201.95;10.4;"0 2 0 8 1 0 7 4 0 7 0 0 0 0 3 1 0 0 0 9 0 0 0 2 8 0 5 0 0 9 0 4 0 0 8 7 4 0 0 2 0 8 0 0 3 1 6 0 0 3 0 2 0 0 3 0 2 7 0 0 0 6 0 0 0 5 6 0 0 0 0 8 0 7 6 0 5 1 0 9 0"
2;9;20;"00:00:00.0036445";206.1;9.5;"0 2 0 8 1 0 7 4 0 7 0 0 0 0 3 1 0 0 0 9 0 0 0 2 8 0 5 0 0 9 0 4 0 0 8 7 4 0 0 2 0 8 0 0 3 1 6 0 0 3 0 2 0 0 3 0 2 7 0 0 0 6 0 0 0 5 6 0 0 0 0 8 0 7 6 0 5 1 0 9 0"
2;10;20;"00:00:00.0031871";193.2;7.55;"0 2 0 8 1 0 7 4 0 7 0 0 0 0 3 1 0 0 0 9 0 0 0 2 8 0 5 0 0 9 0 4 0 0 8 7 4 0 0 2 0 8 0 0 3 1 6 0 0 3 0 2 0 0 3 0 2 7 0 0 0 6 0 0 0 5 6 0 0 0 0 8 0 7 6 0 5 1 0 9 0"
2;11;20;"00:00:00.0026474";158.6;5.6;"0 2 0 8 1 0 7 4 0 7 0 0 0 0 3 1 0 0 0 9 0 0 0 2 8 0 5 0 0 9 0 4 0 0 8 7 4 0 0 2 0 8 0 0 3 1 6 0 0 3 0 2 0 0 3 0 2 7 0 0 0 6 0 0 0 5 6 0 0 0 0 8 0 7 6 0 5 1 0 9 0"
2;12;20;"00:00:00.0042824";256.55;9.55;"0 2 0 8 1 0 7 4 0 7 0 0 0 0 3 1 0 0 0 9 0 0 0 2 8 0 5 0 0 9 0 4 0 0 8 7 4 0 0 2 0 8 0 0 3 1 6 0 0 3 0 2 0 0 3 0 2 7 0 0 0 6 0 0 0 5 6 0 0 0 0 8 0 7 6 0 5 1 0 9 0"
2;13;20;"00:00:00.0036148";216.95;7.15;"0 2 0 8 1 0 7 4 0 7 0 0 0 0 3 1 0 0 0 9 0 0 0 2 8 0 5 0 0 9 0 4 0 0 8 7 4 0 0 2 0 8 0 0 3 1 6 0 0 3 0 2 0 0 3 0 2 7 0 0 0 6 0 0 0 5 6 0 0 0 0 8 0 7 6 0 5 1 0 9 0"
2;14;20;"00:00:00.0028988";173.3;5.15;"0 2 0 8 1 0 7 4 0 7 0 0 0 0 3 1 0 0 0 9 0 0 0 2 8 0 5 0 0 9 0 4 0 0 8 7 4 0 0 2 0 8 0 0 3 1 6 0 0 3 0 2 0 0 3 0 2 7 0 0 0 6 0 0 0 5 6 0 0 0 0 8 0 7 6 0 5 1 0 9 0"
2;15;20;"00:00:00.0027220";143.2;2.95;"0 2 0 8 1 0 7 4 0 7 0 0 0 0 3 1 0 0 0 9 0 0 0 2 8 0 5 0 0 9 0 4 0 0 8 7 4 0 0 2 0 8 0 0 3 1 6 0 0 3 0 2 0 0 3 0 2 7 0 0 0 6 0 0 0 5 6 0 0 0 0 8 0 7 6 0 5 1 0 9 0"
3;5;20;"00:00:00.0052734";315.45;23.7;"0 2 0 8 1 0 7 4 0 7 0 0 0 0 3 1 0 0 0 9 0 0 0 2 8 0 5 0 0 9 0 4 0 0 8 7 4 0 0 2 0 8 0 0 3 1 6 0 0 3 0 2 0 0 3 0 2 7 0 0 0 6 0 0 0 5 6 0 0 0 0 8 0 7 6 0 5 1 0 9 0"
3;6;20;"00:00:00.0037791";229.55;14.5;"0 2 0 8 1 0 7 4 0 7 0 0 0 0 3 1 0 0 0 9 0 0 0 2 8 0 5 0 0 9 0 4 0 0 8 7 4 0 0 2 0 8 0 0 3 1 6 0 0 3 0 2 0 0 3 0 2 7 0 0 0 6 0 0 0 5 6 0 0 0 0 8 0 7 6 0 5 1 0 9 0"
3;7;20;"00:00:00.0028085";165.75;8.55;"0 2 0 8 1 0 7 4 0 7 0 0 0 0 3 1 0 0 0 9 0 0 0 2 8 0 5 0 0 9 0 4 0 0 8 7 4 0 0 2 0 8 0 0 3 1 6 0 0 3 0 2 0 0 3 0 2 7 0 0 0 6 0 0 0 5 6 0 0 0 0 8 0 7 6 0 5 1 0 9 0"
3;8;20;"00:00:00.0030888";186.1;8;"0 2 0 8 1 0 7 4 0 7 0 0 0 0 3 1 0 0 0 9 0 0 0 2 8 0 5 0 0 9 0 4 0 0 8 7 4 0 0 2 0 8 0 0 3 1 6 0 0 3 0 2 0 0 3 0 2 7 0 0 0 6 0 0 0 5 6 0 0 0 0 8 0 7 6 0 5 1 0 9 0"
3;9;20;"00:00:00.0039016";237.35;10.05;"0 2 0 8 1 0 7 4 0 7 0 0 0 0 3 1 0 0 0 9 0 0 0 2 8 0 5 0 0 9 0 4 0 0 8 7 4 0 0 2 0 8 0 0 3 1 6 0 0 3 0 2 0 0 3 0 2 7 0 0 0 6 0 0 0 5 6 0 0 0 0 8 0 7 6 0 5 1 0 9 0"
3;10;20;"00:00:00.0033314";202.15;7.2;"0 2 0 8 1 0 7 4 0 7 0 0 0 0 3 1 0 0 0 9 0 0 0 2 8 0 5 0 0 9 0 4 0 0 8 7 4 0 0 2 0 8 0 0 3 1 6 0 0 3 0 2 0 0 3 0 2 7 0 0 0 6 0 0 0 5 6 0 0 0 0 8 0 7 6 0 5 1 0 9 0"
3;11;20;"00:00:00.0030875";184.65;5.5;"0 2 0 8 1 0 7 4 0 7 0 0 0 0 3 1 0 0 0 9 0 0 0 2 8 0 5 0 0 9 0 4 0 0 8 7 4 0 0 2 0 8 0 0 3 1 6 0 0 3 0 2 0 0 3 0 2 7 0 0 0 6 0 0 0 5 6 0 0 0 0 8 0 7 6 0 5 1 0 9 0"
3;12;20;"00:00:00.0034584";205.6;6.2;"0 2 0 8 1 0 7 4 0 7 0 0 0 0 3 1 0 0 0 9 0 0 0 2 8 0 5 0 0 9 0 4 0 0 8 7 4 0 0 2 0 8 0 0 3 1 6 0 0 3 0 2 0 0 3 0 2 7 0 0 0 6 0 0 0 5 6 0 0 0 0 8 0 7 6 0 5 1 0 9 0"
3;13;20;"00:00:00.0027337";163.75;4.35;"0 2 0 8 1 0 7 4 0 7 0 0 0 0 3 1 0 0 0 9 0 0 0 2 8 0 5 0 0 9 0 4 0 0 8 7 4 0 0 2 0 8 0 0 3 1 6 0 0 3 0 2 0 0 3 0 2 7 0 0 0 6 0 0 0 5 6 0 0 0 0 8 0 7 6 0 5 1 0 9 0"
3;14;20;"00:00:00.0034637";209.85;5.8;"0 2 0 8 1 0 7 4 0 7 0 0 0 0 3 1 0 0 0 9 0 0 0 2 8 0 5 0 0 9 0 4 0 0 8 7 4 0 0 2 0 8 0 0 3 1 6 0 0 3 0 2 0 0 3 0 2 7 0 0 0 6 0 0 0 5 6 0 0 0 0 8 0 7 6 0 5 1 0 9 0"
3;15;20;"00:00:00.0029631";178.15;4.15;"0 2 0 8 1 0 7 4 0 7 0 0 0 0 3 1 0 0 0 9 0 0 0 2 8 0 5 0 0 9 0 4 0 0 8 7 4 0 0 2 0 8 0 0 3 1 6 0 0 3 0 2 0 0 3 0 2 7 0 0 0 6 0 0 0 5 6 0 0 0 0 8 0 7 6 0 5 1 0 9 0"
4;5;20;"00:00:00.0051074";304.65;20.45;"0 2 0 8 1 0 7 4 0 7 0 0 0 0 3 1 0 0 0 9 0 0 0 2 8 0 5 0 0 9 0 4 0 0 8 7 4 0 0 2 0 8 0 0 3 1 6 0 0 3 0 2 0 0 3 0 2 7 0 0 0 6 0 0 0 5 6 0 0 0 0 8 0 7 6 0 5 1 0 9 0"
4;6;20;"00:00:00.0034732";208.3;11.1;"0 2 0 8 1 0 7 4 0 7 0 0 0 0 3 1 0 0 0 9 0 0 0 2 8 0 5 0 0 9 0 4 0 0 8 7 4 0 0 2 0 8 0 0 3 1 6 0 0 3 0 2 0 0 3 0 2 7 0 0 0 6 0 0 0 5 6 0 0 0 0 8 0 7 6 0 5 1 0 9 0"
4;7;20;"00:00:00.0039807";234.55;11.05;"0 2 0 8 1 0 7 4 0 7 0 0 0 0 3 1 0 0 0 9 0 0 0 2 8 0 5 0 0 9 0 4 0 0 8 7 4 0 0 2 0 8 0 0 3 1 6 0 0 3 0 2 0 0 3 0 2 7 0 0 0 6 0 0 0 5 6 0 0 0 0 8 0 7 6 0 5 1 0 9 0"
4;8;20;"00:00:00.0044952";258.05;11.3;"0 2 0 8 1 0 7 4 0 7 0 0 0 0 3 1 0 0 0 9 0 0 0 2 8 0 5 0 0 9 0 4 0 0 8 7 4 0 0 2 0 8 0 0 3 1 6 0 0 3 0 2 0 0 3 0 2 7 0 0 0 6 0 0 0 5 6 0 0 0 0 8 0 7 6 0 5 1 0 9 0"
4;9;20;"00:00:00.0029292";176.45;6.15;"0 2 0 8 1 0 7 4 0 7 0 0 0 0 3 1 0 0 0 9 0 0 0 2 8 0 5 0 0 9 0 4 0 0 8 7 4 0 0 2 0 8 0 0 3 1 6 0 0 3 0 2 0 0 3 0 2 7 0 0 0 6 0 0 0 5 6 0 0 0 0 8 0 7 6 0 5 1 0 9 0"
4;10;20;"00:00:00.0031088";190.55;5.95;"0 2 0 8 1 0 7 4 0 7 0 0 0 0 3 1 0 0 0 9 0 0 0 2 8 0 5 0 0 9 0 4 0 0 8 7 4 0 0 2 0 8 0 0 3 1 6 0 0 3 0 2 0 0 3 0 2 7 0 0 0 6 0 0 0 5 6 0 0 0 0 8 0 7 6 0 5 1 0 9 0"
4;11;20;"00:00:00.0037025";220.3;6.95;"0 2 0 8 1 0 7 4 0 7 0 0 0 0 3 1 0 0 0 9 0 0 0 2 8 0 5 0 0 9 0 4 0 0 8 7 4 0 0 2 0 8 0 0 3 1 6 0 0 3 0 2 0 0 3 0 2 7 0 0 0 6 0 0 0 5 6 0 0 0 0 8 0 7 6 0 5 1 0 9 0"
4;12;20;"00:00:00.0042652";258.3;7.65;"0 2 0 8 1 0 7 4 0 7 0 0 0 0 3 1 0 0 0 9 0 0 0 2 8 0 5 0 0 9 0 4 0 0 8 7 4 0 0 2 0 8 0 0 3 1 6 0 0 3 0 2 0 0 3 0 2 7 0 0 0 6 0 0 0 5 6 0 0 0 0 8 0 7 6 0 5 1 0 9 0"
4;13;20;"00:00:00.0032525";197.55;5.2;"0 2 0 8 1 0 7 4 0 7 0 0 0 0 3 1 0 0 0 9 0 0 0 2 8 0 5 0 0 9 0 4 0 0 8 7 4 0 0 2 0 8 0 0 3 1 6 0 0 3 0 2 0 0 3 0 2 7 0 0 0 6 0 0 0 5 6 0 0 0 0 8 0 7 6 0 5 1 0 9 0"
4;14;20;"00:00:00.0030772";186.2;4.1;"0 2 0 8 1 0 7 4 0 7 0 0 0 0 3 1 0 0 0 9 0 0 0 2 8 0 5 0 0 9 0 4 0 0 8 7 4 0 0 2 0 8 0 0 3 1 6 0 0 3 0 2 0 0 3 0 2 7 0 0 0 6 0 0 0 5 6 0 0 0 0 8 0 7 6 0 5 1 0 9 0"
4;15;20;"00:00:00.0031434";189.1;4.4;"0 2 0 8 1 0 7 4 0 7 0 0 0 0 3 1 0 0 0 9 0 0 0 2 8 0 5 0 0 9 0 4 0 0 8 7 4 0 0 2 0 8 0 0 3 1 6 0 0 3 0 2 0 0 3 0 2 7 0 0 0 6 0 0 0 5 6 0 0 0 0 8 0 7 6 0 5 1 0 9 0"
